tripduration,starttime,stoptime,start_station_id,start_station_name,start_station_latitude,start_station_longitude,end_station_id,end_station_name,end_station_latitude,end_station_longitude,bikeid,usertype,birth_year,gender
1957,6/24/2016 19:40,6/24/2016 20:12,368,Carmine St & 6 Ave,40.73038599,-74.00214988,2002,Wythe Ave & Metropolitan Ave,40.716887,-73.963198,18668,Subscriber,1989,1
764,8/26/2015 8:54,8/26/2015 9:07,450,W 49 St & 8 Ave,40.76227205,-73.98788205,402,Broadway & E 22 St,40.7403432,-73.98955109,17339,Subscriber,1988,1
511,52:30.2,01:02.1,527,E 33 St & 2 Ave,40.744023,-73.976056,498,Broadway & W 32 St,40.74854862,-73.98808416,17437,Subscriber,1985,1
380,8/5/2015 16:43,8/5/2015 16:49,517,Pershing Square South,40.751581,-73.97791,529,W 42 St & 8 Ave,40.7575699,-73.99098507,21133,Subscriber,1982,1
250,11/3/2016 8:09,11/3/2016 8:14,2003,1 Ave & E 18 St,40.73381219,-73.98054421,503,E 20 St & Park Ave,40.73827428,-73.98751968,15338,Subscriber,1968,1
936,35:23.2,50:59.4,408,Market St & Cherry St,40.71076228,-73.99400398,355,Bayard St & Baxter St,40.71602118,-73.99974372,27006,Subscriber,2000,1
188,12/15/2015 19:19,12/15/2015 19:23,410,Suffolk St & Stanton St,40.72066442,-73.98517977,473,Rivington St & Chrystie St,40.72110063,-73.9919254,22032,Subscriber,1983,1
217,39:11.4,42:49.3,3156,E 72 St & York Ave,40.76663814,-73.95348296,3140,1 Ave & E 78 St,40.77140426,-73.9535166,30153,Subscriber,1987,1
1853,12/17/2016 22:32,12/17/2016 23:03,313,Washington Ave & Park Ave,40.69610226,-73.96751037,150,E 2 St & Avenue C,40.7208736,-73.98085795,25741,Subscriber,1985,1
1426,3/4/2016 20:12,3/4/2016 20:36,147,Greenwich St & Warren St,40.71542197,-74.01121978,514,12 Ave & W 40 St,40.76087502,-74.00277668,17458,Customer,,0
310,29:39.1,34:50.0,479,9 Ave & W 45 St,40.76019252,-73.9912551,484,W 44 St & 5 Ave,40.75500254,-73.98014437,31453,Subscriber,1990,1
1229,46:25.3,06:55.0,3425,2 Ave & E 104 St,40.7892105,-73.94370784,3282,5 Ave & E 88 St,40.78307,-73.95939,28336,Subscriber,1986,1
336,34:07.3,39:43.3,3092,Berry St & N 8 St,40.7190095,-73.95852515,3108,Nassau Ave & Russell St,40.72557,-73.94434,24987,Subscriber,1975,2
200,36:18.1,39:39.0,355,Bayard St & Baxter St,40.71602118,-73.99974372,3435,Grand St & Elizabeth St,40.718822,-73.99596,19207,Subscriber,1996,1
1014,2/6/2017 10:30,2/6/2017 10:47,358,Christopher St & Greenwich St,40.73291553,-74.00711384,147,Greenwich St & Warren St,40.71542197,-74.01121978,16434,Subscriber,1976,2
417,10/13/2015 8:08,10/13/2015 8:15,223,W 13 St & 7 Ave,40.73781509,-73.99994661,2004,6 Ave & Broome St,40.724399,-74.004704,16326,Subscriber,1969,1
335,2/17/2016 20:00,2/17/2016 20:06,161,LaGuardia Pl & W 3 St,40.72917025,-73.99810231,483,E 12 St & 3 Ave,40.73223272,-73.98889957,15833,Subscriber,1996,1
366,10/8/2015 8:39,10/8/2015 8:45,264,Maiden Ln & Pearl St,40.70706456,-74.00731853,386,Centre St & Worth St,40.71494807,-74.00234482,23267,Subscriber,1981,1
461,8/5/2014 7:59,8/5/2014 8:07,530,11 Ave & W 59 St,40.771522,-73.990541,173,Broadway & W 49 St,40.76064679,-73.98442659,19426,Subscriber,1979,1
460,9/4/2016 10:25,9/4/2016 10:33,444,Broadway & W 24 St,40.7423543,-73.98915076,476,E 31 St & 3 Ave,40.74394314,-73.97966069,23961,Subscriber,1963,2
286,5/1/2014 14:57,5/1/2014 15:02,522,E 51 St & Lexington Ave,40.75714758,-73.97207836,318,E 43 St & Vanderbilt Ave,40.75320159,-73.9779874,17505,Subscriber,1980,2
287,48:40.5,53:28.4,432,E 7 St & Avenue A,40.72621788,-73.98379855,311,Norfolk St & Broome St,40.7172274,-73.98802084,31995,Subscriber,1988,1
373,10/10/2017 17:04,10/10/2017 17:10,327,Vesey Pl & River Terrace,40.7153379,-74.01658354,3256,Pier 40 - Hudson River Park,40.72771408,-74.01129574,28012,Subscriber,1988,2
750,15:06.2,27:36.3,3356,Amsterdam Ave & W 66 St,40.7746671,-73.98470567,3458,W 55 St & 6 Ave,40.76309387,-73.97835016,19407,Subscriber,1946,1
517,9/14/2016 14:30,9/14/2016 14:38,3283,W 89 St & Columbus Ave,40.7882213,-73.97041561,3301,Columbus Ave & W 95 St,40.7919557,-73.968087,21548,Subscriber,1983,1
279,42:39.8,47:19.6,465,Broadway & W 41 St,40.75513557,-73.98658032,478,11 Ave & W 41 St,40.76030096,-73.99884222,34339,Subscriber,1968,2
1368,34:13.9,57:02.8,3374,Central Park North & Adam Clayton Powell Blvd,40.799484,-73.955613,3163,Central Park West & W 68 St,40.7734066,-73.97782542,19067,Customer,1969,0
1763,08:45.3,38:08.5,249,Harrison St & Hudson St,40.71870987,-74.0090009,2002,Wythe Ave & Metropolitan Ave,40.716887,-73.963198,27629,Subscriber,1990,1
1017,11/20/2014 11:43,11/20/2014 12:00,304,Broadway & Battery Pl,40.70463334,-74.01361706,325,E 19 St & 3 Ave,40.73624527,-73.98473765,21442,Subscriber,1966,1
857,25:59.7,40:17.7,259,South St & Whitehall St,40.70122128,-74.01234218,332,Cherry St,40.71219906,-73.97948148,25187,Subscriber,1992,2
2128,8/20/2017 16:49,8/20/2017 17:24,217,Old Fulton St,40.70277159,-73.99383605,386,Centre St & Worth St,40.71494807,-74.00234482,25570,Customer,1976,2
516,27:12.2,35:48.8,3697,W 64 St & Thelonious Monk Circle,40.77515953,-73.98918696,3164,Columbus Ave & W 72 St,40.7770575,-73.97898475,34033,Subscriber,1970,1
1758,04:36.8,33:55.0,459,W 20 St & 11 Ave,40.746745,-74.007756,3293,W 92 St & Broadway,40.7921,-73.9739,34029,Subscriber,1963,2
1120,54:03.6,12:44.2,3358,Garfield Pl & 8 Ave,40.6711978,-73.97484126,143,Clinton St & Joralemon St,40.69239502,-73.99337909,14876,Subscriber,1984,2
294,4/15/2014 18:12,4/15/2014 18:17,521,8 Ave & W 31 St,40.75044999,-73.99481051,488,W 39 St & 9 Ave,40.75645824,-73.99372222,17797,Subscriber,1966,1
262,11/17/2015 18:09,11/17/2015 18:14,414,Pearl St & Anchorage Pl,40.70281858,-73.98765762,217,Old Fulton St,40.70277159,-73.99383605,16706,Subscriber,1978,2
240,35:27.5,39:28.1,479,9 Ave & W 45 St,40.76019252,-73.9912551,447,8 Ave & W 52 St,40.76370739,-73.9851615,19667,Subscriber,1987,1
441,10/6/2016 8:22,10/6/2016 8:29,237,E 11 St & 2 Ave,40.73047309,-73.98672378,537,Lexington Ave & E 24 St,40.74025878,-73.98409214,16051,Subscriber,1987,1
352,6/28/2017 17:55,6/28/2017 18:01,3242,Schermerhorn St & Court St,40.69102926,-73.99183363,3321,Clinton St & Union St,40.6831164,-73.99785267,17463,Subscriber,,0
457,6/19/2015 9:27,6/19/2015 9:34,236,St Marks Pl & 2 Ave,40.7284186,-73.98713956,294,Washington Square E,40.73049393,-73.9957214,16785,Subscriber,1954,1
333,12/3/2017 18:01,12/3/2017 18:06,293,Lafayette St & E 8 St,40.73020661,-73.99102628,503,E 20 St & Park Ave,40.73827428,-73.98751968,18298,Subscriber,1988,1
808,5/19/2016 18:32,5/19/2016 18:46,440,E 45 St & 3 Ave,40.75255434,-73.97282625,490,8 Ave & W 33 St,40.751551,-73.993934,16225,Subscriber,1969,1
6183,8/7/2015 9:55,8/7/2015 11:38,2006,Central Park S & 6 Ave,40.76590936,-73.97634151,2006,Central Park S & 6 Ave,40.76590936,-73.97634151,20786,Customer,,0
585,35:48.7,45:34.6,491,E 24 St & Park Ave S,40.74096374,-73.98602213,336,Sullivan St & Washington Sq,40.73047747,-73.99906065,16788,Subscriber,1982,1
1574,52:14.2,18:28.7,484,W 44 St & 5 Ave,40.75500254,-73.98014437,435,W 21 St & 6 Ave,40.74173969,-73.99415556,19749,Subscriber,1995,2
767,10/29/2016 18:53,10/29/2016 19:06,494,W 26 St & 8 Ave,40.74734825,-73.99723551,447,8 Ave & W 52 St,40.76370739,-73.9851615,26021,Subscriber,1991,1
972,36:35.0,52:47.6,173,Broadway & W 49 St,40.76068327,-73.98452729,297,E 15 St & 3 Ave,40.734232,-73.986923,21205,Subscriber,1985,1
335,5/17/2016 18:10,5/17/2016 18:15,402,Broadway & E 22 St,40.7403432,-73.98955109,509,9 Ave & W 22 St,40.7454973,-74.00197139,15300,Subscriber,1973,1
411,10/16/2014 22:06,10/16/2014 22:12,2012,E 27 St & 1 Ave,40.739445,-73.976806,237,E 11 St & 2 Ave,40.73047309,-73.98672378,20606,Subscriber,1987,1
161,10/4/2016 8:20,10/4/2016 8:23,391,Clark St & Henry St,40.69760127,-73.99344559,216,Columbia Heights & Cranberry St,40.70037867,-73.99548059,20700,Subscriber,1965,2
704,6/18/2014 13:27,6/18/2014 13:39,459,W 20 St & 11 Ave,40.746745,-74.007756,444,Broadway & W 24 St,40.7423543,-73.98915076,16554,Subscriber,1976,2
1760,6/9/2015 18:48,6/9/2015 19:17,375,Mercer St & Bleecker St,40.72679454,-73.99695094,2021,W 45 St & 8 Ave,40.75929124,-73.98859651,14679,Subscriber,1973,1
373,07:30.5,13:44.3,505,6 Ave & W 33 St,40.74901271,-73.98848395,493,W 45 St & 6 Ave,40.7568001,-73.98291153,33920,Subscriber,1969,0
417,11/7/2016 6:47,11/7/2016 6:54,470,W 20 St & 8 Ave,40.74345335,-74.00004031,357,E 11 St & Broadway,40.73261787,-73.99158043,24831,Subscriber,1968,1
816,7/27/2016 18:01,7/27/2016 18:14,497,E 17 St & Broadway,40.73704984,-73.99009296,445,E 10 St & Avenue A,40.72740794,-73.98142006,25556,Subscriber,1986,2
2611,49:46.2,33:18.2,332,Cherry St,40.71219906,-73.97948148,534,Water - Whitehall Plaza,40.70255065,-74.0127234,33796,Subscriber,1967,1
585,10/6/2017 15:05,10/6/2017 15:15,3641,Broadway & W 25 St,40.74286877,-73.98918629,252,MacDougal St & Washington Sq,40.73226398,-73.99852205,30882,Subscriber,1974,1
873,13:05.2,27:39.1,247,Perry St & Bleecker St,40.73535398,-74.00483091,327,Vesey Pl & River Terrace,40.7153379,-74.01658354,25145,Subscriber,1982,1
1730,07:27.7,36:17.8,2000,Front St & Washington St,40.70255088,-73.98940236,2000,Front St & Washington St,40.70255088,-73.98940236,28479,Subscriber,1964,1
628,11/25/2017 13:50,11/25/2017 14:00,83,Atlantic Ave & Fort Greene Pl,40.68382604,-73.97632328,3409,Bergen St & Smith St,40.6867443,-73.99063168,30146,Subscriber,1988,1
215,6/1/2017 19:52,6/1/2017 19:55,3305,E 91 St & 2 Ave,40.7811223,-73.94965589,3351,E 102 St & 1 Ave,40.7869946,-73.94164802,25938,Subscriber,1986,1
543,7/28/2017 16:38,7/28/2017 16:47,519,Pershing Square North,40.751873,-73.977706,3255,8 Ave & W 31 St,40.75058535,-73.99468482,27576,Subscriber,1969,1
799,7/9/2015 18:27,7/9/2015 18:41,360,William St & Pine St,40.70717936,-74.00887308,335,Washington Pl & Broadway,40.72903917,-73.99404649,19338,Subscriber,1985,1
896,7/19/2016 19:54,7/19/2016 20:09,3260,Mercer St & Bleecker St,40.72706363,-73.99662137,2012,E 27 St & 1 Ave,40.739445,-73.976806,21356,Subscriber,1963,1
210,6/16/2014 0:56,6/16/2014 1:00,489,10 Ave & W 28 St,40.75066386,-74.00176802,509,9 Ave & W 22 St,40.7454973,-74.00197139,16994,Subscriber,1974,1
599,12/27/2016 7:49,12/27/2016 7:59,3383,Cathedral Pkwy & Broadway,40.804213,-73.96699104,3293,W 92 St & Broadway,40.7921,-73.9739,14961,Subscriber,1953,2
670,04:06.2,15:17.2,3282,5 Ave & E 88 St,40.78307,-73.95939,3360,Amsterdam Ave & W 79 St,40.7829391,-73.9786517,35671,Subscriber,1982,1
607,9/20/2017 18:29,9/20/2017 18:39,426,West St & Chambers St,40.71754834,-74.01322069,127,Barrow St & Hudson St,40.73172428,-74.00674436,19680,Subscriber,1992,1
1784,20:39.3,50:23.4,3292,5 Ave & E 93 St,40.7857851,-73.957481,3459,E 53 St & 3 Ave,40.75763228,-73.96930575,27195,Subscriber,1986,1
405,5/9/2014 12:30,5/9/2014 12:37,477,W 41 St & 8 Ave,40.75640548,-73.9900262,510,W 51 St & 6 Ave,40.7606597,-73.98042047,14540,Subscriber,1968,1
430,02:58.4,10:09.1,515,W 43 St & 10 Ave,40.76009437,-73.99461843,524,W 43 St & 6 Ave,40.75527307,-73.98316936,25912,Subscriber,1976,1
626,04:09.2,14:35.9,3571,Bedford Ave & Bergen St,40.676368,-73.952918,3056,Kosciuszko St & Nostrand Ave,40.69072549,-73.95133465,33772,Subscriber,1984,1
257,2/23/2017 17:27,2/23/2017 17:31,3436,Greenwich St & Hubert St,40.721319,-74.010065,417,Barclay St & Church St,40.71291224,-74.01020234,17461,Subscriber,1965,1
322,8/4/2016 11:29,8/4/2016 11:35,456,E 53 St & Madison Ave,40.7597108,-73.97402311,305,E 58 St & 3 Ave,40.76095756,-73.96724467,25784,Subscriber,1982,2
412,8/5/2017 21:28,8/5/2017 21:35,444,Broadway & W 24 St,40.7423543,-73.98915076,2012,E 27 St & 1 Ave,40.739445,-73.976806,26049,Subscriber,1980,1
620,4/2/2016 20:17,4/2/2016 20:28,3090,N 8 St & Driggs Ave,40.71774592,-73.95600096,3108,Nassau Ave & Russell St,40.72557,-73.94434,15322,Subscriber,1989,2
302,7/16/2015 7:33,7/16/2015 7:38,519,Pershing Square North,40.751873,-73.977706,546,E 30 St & Park Ave S,40.74444921,-73.98303529,16444,Subscriber,1954,1
944,9/23/2016 20:45,9/23/2016 21:00,334,W 20 St & 7 Ave,40.74238787,-73.99726235,513,W 56 St & 10 Ave,40.768254,-73.988639,23575,Subscriber,1982,1
527,7/4/2016 15:18,7/4/2016 15:27,435,W 21 St & 6 Ave,40.74173969,-73.99415556,504,1 Ave & E 16 St,40.73221853,-73.98165557,16621,Subscriber,1968,1
137,6/12/2017 22:38,6/12/2017 22:41,436,Hancock St & Bedford Ave,40.68216564,-73.95399026,344,Monroe St & Bedford Ave,40.6851443,-73.95380904,28183,Subscriber,1984,2
477,12/8/2016 9:11,12/8/2016 9:18,284,Greenwich Ave & 8 Ave,40.73901691,-74.00263761,523,W 38 St & 8 Ave,40.75466591,-73.99138152,16158,Subscriber,1989,1
1966,24:51.1,57:37.4,3322,12 St & 4 Ave,40.668603,-73.9904394,304,Broadway & Battery Pl,40.70463334,-74.01361706,28165,Subscriber,1988,1
963,6/4/2016 14:44,6/4/2016 15:00,458,11 Ave & W 27 St,40.751396,-74.005226,293,Lafayette St & E 8 St,40.73028666,-73.9907647,17456,Subscriber,1988,0
320,08:31.0,13:51.5,3233,E 48 St & 5 Ave,40.75724568,-73.97805914,522,E 51 St & Lexington Ave,40.75714758,-73.97207836,32348,Subscriber,1992,1
609,11/4/2015 8:49,11/4/2015 8:59,402,Broadway & E 22 St,40.7403432,-73.98955109,489,10 Ave & W 28 St,40.75066386,-74.00176802,22023,Subscriber,1976,1
2370,8/18/2016 19:01,8/18/2016 19:41,459,W 20 St & 11 Ave,40.746745,-74.007756,459,W 20 St & 11 Ave,40.746745,-74.007756,25266,Subscriber,1972,1
308,3/12/2016 9:09,3/12/2016 9:14,518,E 39 St & 2 Ave,40.74780373,-73.9734419,461,E 20 St & 2 Ave,40.73587678,-73.98205027,23979,Subscriber,1988,1
2239,7/21/2017 17:05,7/21/2017 17:42,428,E 3 St & 1 Ave,40.72467721,-73.98783413,3165,Central Park West & W 72 St,40.77579377,-73.97620574,29857,Subscriber,1987,1
261,56:58.9,01:20.7,3474,6 Ave & Spring St,40.7252557,-74.00412083,3435,Grand St & Elizabeth St,40.718822,-73.99596,29931,Subscriber,1991,1
903,9/4/2015 23:12,9/4/2015 23:27,427,Bus Slip & State St,40.701907,-74.013942,259,South St & Whitehall St,40.70122128,-74.01234218,23428,Customer,,0
1097,54:32.2,12:49.5,531,Forsyth St & Broome St,40.71893904,-73.99266288,167,E 39 St & 3 Ave,40.7489006,-73.97604882,33802,Subscriber,1988,1
557,5/24/2017 8:32,5/24/2017 8:41,445,E 10 St & Avenue A,40.72740794,-73.98142006,345,W 13 St & 6 Ave,40.73649403,-73.99704374,19086,Subscriber,1989,1
567,11/12/2016 19:16,11/12/2016 19:25,238,Bank St & Washington St,40.7361967,-74.00859207,285,Broadway & E 14 St,40.73454567,-73.99074142,22543,Subscriber,1965,1
440,10/19/2016 16:40,10/19/2016 16:47,236,St Marks Pl & 2 Ave,40.7284186,-73.98713956,402,Broadway & E 22 St,40.7403432,-73.98955109,16250,Subscriber,1965,1
262,7/2/2016 13:03,7/2/2016 13:07,212,W 16 St & The High Line,40.74334935,-74.00681753,470,W 20 St & 8 Ave,40.74345335,-74.00004031,24929,Subscriber,1985,1
775,9/13/2016 6:41,9/13/2016 6:54,254,W 11 St & 6 Ave,40.73532427,-73.99800419,173,Broadway & W 49 St,40.76068327,-73.98452729,19924,Subscriber,1992,1
1871,7/12/2017 19:04,7/12/2017 19:35,361,Allen St & Hester St,40.71605866,-73.99190759,361,Allen St & Hester St,40.71605866,-73.99190759,18195,Customer,,0
399,2/26/2015 11:57,2/26/2015 12:03,528,2 Ave & E 31 St,40.74290902,-73.97706058,167,E 39 St & 3 Ave,40.7489006,-73.97604882,17711,Subscriber,1991,1
193,12/8/2015 18:26,12/8/2015 18:29,236,St Marks Pl & 2 Ave,40.7284186,-73.98713956,439,E 4 St & 2 Ave,40.7262807,-73.98978041,16426,Subscriber,1978,1
836,8/16/2017 14:06,8/16/2017 14:20,161,LaGuardia Pl & W 3 St,40.72917025,-73.99810231,474,5 Ave & E 29 St,40.7451677,-73.98683077,18204,Subscriber,1967,2
318,10/12/2015 9:14,10/12/2015 9:20,435,W 21 St & 6 Ave,40.74173969,-73.99415556,496,E 16 St & 5 Ave,40.73726186,-73.99238967,19975,Subscriber,1969,1
663,3/29/2017 8:41,3/29/2017 8:52,3082,Hope St & Union Ave,40.71167351,-73.95141312,3082,Hope St & Union Ave,40.71167351,-73.95141312,21637,Subscriber,1983,1
2439,9/27/2017 23:11,9/27/2017 23:52,3076,Scholes St & Manhattan Ave,40.70870368,-73.9448625,3151,E 81 St & York Ave,40.7728384,-73.94989233,30743,Subscriber,1981,2
178,1/1/2016 18:03,1/1/2016 18:06,368,Carmine St & 6 Ave,40.73038599,-74.00214988,252,MacDougal St & Washington Sq,40.73226398,-73.99852205,22351,Subscriber,1976,2
541,55:19.3,04:21.2,3641,Broadway & W 25 St,40.74286877,-73.98918629,3687,E 33 St & 1 Ave,40.74322681,-73.97449784,32318,Subscriber,1989,1
1846,7/16/2015 17:09,7/16/2015 17:39,236,St Marks Pl & 2 Ave,40.7284186,-73.98713956,348,W Broadway & Spring St,40.72490985,-74.00154702,17461,Customer,,0
1302,7/25/2017 8:16,7/25/2017 8:38,3077,Stagg St & Union Ave,40.70877084,-73.95095259,195,Liberty St & Broadway,40.70905623,-74.01043382,25897,Subscriber,1985,2
1356,9/30/2015 12:28,9/30/2015 12:50,459,W 20 St & 11 Ave,40.746745,-74.007756,363,West Thames St,40.70834698,-74.01713445,15319,Customer,,0
138,6/29/2015 19:51,6/29/2015 19:53,529,W 42 St & 8 Ave,40.7575699,-73.99098507,479,9 Ave & W 45 St,40.76019252,-73.9912551,19724,Subscriber,1974,1
666,6/24/2017 14:53,6/24/2017 15:04,3165,Central Park West & W 72 St,40.77579377,-73.97620574,3165,Central Park West & W 72 St,40.77579377,-73.97620574,20553,Subscriber,1958,2
390,15:48.1,22:18.4,546,E 30 St & Park Ave S,40.74444921,-73.98303529,325,E 19 St & 3 Ave,40.73624527,-73.98473765,35160,Subscriber,1981,1
3456,4/1/2017 12:25,4/1/2017 13:23,380,W 4 St & 7 Ave S,40.73401143,-74.00293877,3362,Madison Ave & E 82 St,40.7781314,-73.96069399,28836,Subscriber,1975,2
1381,5/16/2014 8:01,5/16/2014 8:24,157,Henry St & Atlantic Ave,40.69089272,-73.99612349,233,Joralemon St & Adams St,40.69246277,-73.98963911,21667,Subscriber,1968,1
232,20:25.1,24:17.2,3110,Meserole Ave & Manhattan Ave,40.72708584,-73.95299117,3100,Nassau Ave & Newell St,40.72481256,-73.94752622,20803,Subscriber,1968,2
852,5/20/2017 17:49,5/20/2017 18:03,505,6 Ave & W 33 St,40.74901271,-73.98848395,402,Broadway & E 22 St,40.7403432,-73.98955109,20841,Subscriber,1984,1
729,58:22.9,10:32.5,458,11 Ave & W 27 St,40.751396,-74.005226,168,W 18 St & 6 Ave,40.73971301,-73.99456405,18755,Subscriber,1994,1
1427,51:25.7,15:13.6,460,S 4 St & Wythe Ave,40.71285887,-73.96590294,3093,N 6 St & Bedford Ave,40.71745169,-73.95850939,26095,Subscriber,1983,1
882,2/16/2014 18:54,2/16/2014 19:08,457,Broadway & W 58 St,40.76695317,-73.98169333,164,E 47 St & 2 Ave,40.75323098,-73.97032517,16127,Subscriber,1948,1
1728,5/31/2015 9:11,5/31/2015 9:40,361,Allen St & Hester St,40.71605866,-73.99190759,361,Allen St & Hester St,40.71605866,-73.99190759,20573,Subscriber,1968,1
738,10/17/2014 8:52,10/17/2014 9:04,212,W 16 St & The High Line,40.74334935,-74.00681753,496,E 16 St & 5 Ave,40.73726186,-73.99238967,20690,Subscriber,1989,2
213,56:32.3,00:05.8,3623,W 120 St & Claremont Ave,40.8109494,-73.9634,3383,Cathedral Pkwy & Broadway,40.804213,-73.96699104,16456,Subscriber,1998,2
160,1/12/2016 15:28,1/12/2016 15:30,526,E 33 St & 5 Ave,40.74765947,-73.98490707,472,E 32 St & Park Ave,40.7457121,-73.98194829,22054,Subscriber,1984,1
890,8/27/2015 13:08,8/27/2015 13:23,3108,Nassau Ave & Russell St,40.72557,-73.94434,3112,Milton St & Franklin St,40.72906,-73.95779,14816,Subscriber,1968,1
396,12/11/2017 13:31,12/11/2017 13:37,3224,W 13 St & Hudson St,40.73997354,-74.00513873,334,W 20 St & 7 Ave,40.74238787,-73.99726235,32223,Subscriber,,0
221,8/28/2016 20:50,8/28/2016 20:53,3087,Metropolitan Ave & Meeker Ave,40.71413311,-73.95234386,539,Metropolitan Ave & Bedford Ave,40.71534825,-73.96024116,22087,Subscriber,1987,2
427,10/8/2015 5:37,10/8/2015 5:44,3164,Columbus Ave & W 72 St,40.7770575,-73.97898475,499,Broadway & W 60 St,40.76915505,-73.98191841,20300,Customer,,0
772,7/22/2014 14:32,7/22/2014 14:45,453,W 22 St & 8 Ave,40.74475148,-73.99915362,540,Lexington Ave & E 26 St,40.74147286,-73.98320928,17230,Subscriber,1941,1
618,9/19/2017 20:56,9/19/2017 21:06,369,Washington Pl & 6 Ave,40.73224119,-74.00026394,433,E 13 St & Avenue A,40.72955361,-73.98057249,28658,Subscriber,1986,1
241,13:09.0,17:10.5,340,Madison St & Clinton St,40.71269042,-73.98776323,349,Rivington St & Ridge St,40.71850211,-73.98329859,17170,Subscriber,1994,2
467,7/24/2017 17:50,7/24/2017 17:57,3427,Lafayette St & Jersey St,40.72430527,-73.99600983,347,Greenwich St & W Houston St,40.728846,-74.008591,21328,Subscriber,1981,1
695,29:51.7,41:27.5,380,W 4 St & 7 Ave S,40.73401143,-74.00293877,2010,Grand St & Greene St,40.72165481,-74.00234737,32866,Subscriber,1971,1
247,3/11/2015 8:26,3/11/2015 8:30,479,9 Ave & W 45 St,40.76019252,-73.9912551,493,W 45 St & 6 Ave,40.7568001,-73.98291153,14712,Subscriber,1971,1
238,7/20/2017 8:17,7/20/2017 8:21,358,Christopher St & Greenwich St,40.73291553,-74.00711384,284,Greenwich Ave & 8 Ave,40.73901691,-74.00263761,18418,Subscriber,1973,1
959,6/24/2017 12:43,6/24/2017 12:59,537,Lexington Ave & E 24 St,40.74025878,-73.98409214,284,Greenwich Ave & 8 Ave,40.73901691,-74.00263761,15428,Subscriber,1989,1
600,10/13/2015 16:37,10/13/2015 16:47,428,E 3 St & 1 Ave,40.72467721,-73.98783413,402,Broadway & E 22 St,40.7403432,-73.98955109,23403,Subscriber,1982,1
672,56:03.7,07:16.5,494,W 26 St & 8 Ave,40.74734825,-73.99723551,229,Great Jones St,40.72743423,-73.99379025,35301,Subscriber,1970,1
1523,1/21/2015 14:41,1/21/2015 15:07,233,Joralemon St & Adams St,40.69246277,-73.98963911,431,Hanover Pl & Livingston St,40.68864636,-73.98263429,15005,Subscriber,1969,2
418,5/5/2015 8:15,5/5/2015 8:22,331,Pike St & Monroe St,40.71173107,-73.99193043,351,Front St & Maiden Ln,40.70530954,-74.00612572,15183,Subscriber,1977,2
579,4/9/2017 12:47,4/9/2017 12:56,144,Nassau St & Navy St,40.69839895,-73.98068914,430,York St & Jay St,40.7014851,-73.98656928,28758,Customer,,0
484,3/5/2017 15:40,3/5/2017 15:49,3330,Henry St & Bay St,40.6725058,-74.00494695,3322,12 St & 4 Ave,40.668603,-73.9904394,15563,Subscriber,1991,1
1085,7/2/2016 18:41,7/2/2016 18:59,225,W 14 St & The High Line,40.74195138,-74.00803013,444,Broadway & W 24 St,40.7423543,-73.98915076,14997,Customer,,0
332,9/1/2016 20:19,9/1/2016 20:25,325,E 19 St & 3 Ave,40.73624527,-73.98473765,466,W 25 St & 6 Ave,40.74395411,-73.99144871,25583,Subscriber,1984,1
271,12/12/2014 12:50,12/12/2014 12:55,536,1 Ave & E 30 St,40.74144387,-73.97536082,546,E 30 St & Park Ave S,40.74444921,-73.98303529,18987,Subscriber,1966,1
2346,08:51.2,47:57.2,3173,Riverside Blvd & W 67 St,40.77750703,-73.98888588,3002,South End Ave & Liberty St,40.711512,-74.015756,28300,Customer,1969,0
1137,12/19/2017 21:02,12/19/2017 21:21,401,Allen St & Rivington St,40.72019576,-73.98997825,3085,Roebling St & N 4 St,40.71469,-73.95739,31653,Subscriber,1982,1
640,5/17/2016 17:17,5/17/2016 17:27,517,Pershing Square South,40.751581,-73.97791,475,E 16 St & Irving Pl,40.73524276,-73.98758561,18928,Subscriber,1984,2
821,00:28.7,14:10.1,3134,3 Ave & E 62 St,40.76312584,-73.96526895,524,W 43 St & 6 Ave,40.75527307,-73.98316936,27842,Customer,1969,0
1003,49:03.1,05:46.4,3641,Broadway & W 25 St,40.74286877,-73.98918629,516,E 47 St & 1 Ave,40.75206862,-73.96784384,18771,Subscriber,1992,1
544,7/27/2017 21:22,7/27/2017 21:31,392,Jay St & Tech Pl,40.695065,-73.987167,3410,Dean St & Hoyt St,40.6864442,-73.98759104,19463,Subscriber,1984,1
2274,02:56.9,40:51.7,3570,35 Ave & 37 St,40.7557327,-73.9236611,3570,35 Ave & 37 St,40.7557327,-73.9236611,24892,Subscriber,1986,1
487,10/11/2016 18:41,10/11/2016 18:49,505,6 Ave & W 33 St,40.74901271,-73.98848395,468,Broadway & W 55 St,40.7652654,-73.98192338,17550,Subscriber,1979,1
382,12/20/2015 19:04,12/20/2015 19:10,494,W 26 St & 8 Ave,40.74734825,-73.99723551,497,E 17 St & Broadway,40.73704984,-73.99009296,17278,Subscriber,1967,1
448,56:59.0,04:27.0,486,Broadway & W 29 St,40.7462009,-73.98855723,497,E 17 St & Broadway,40.73704984,-73.99009296,32550,Subscriber,1940,1
681,8/23/2015 17:00,8/23/2015 17:12,151,Cleveland Pl & Spring St,40.7218158,-73.99720307,497,E 17 St & Broadway,40.73704984,-73.99009296,19908,Customer,,0
207,5/1/2017 11:01,5/1/2017 11:04,296,Division St & Bowery,40.71413089,-73.9970468,355,Bayard St & Baxter St,40.71602118,-73.99974372,16034,Subscriber,1948,1
1424,12/18/2015 16:45,12/18/2015 17:08,521,8 Ave & W 31 St,40.75096735,-73.99444208,475,E 16 St & Irving Pl,40.73524276,-73.98758561,19788,Customer,,0
783,4/23/2015 13:19,4/23/2015 13:32,486,Broadway & W 29 St,40.7462009,-73.98855723,280,E 10 St & 5 Ave,40.73331967,-73.99510132,17580,Subscriber,1944,1
193,42:34.9,45:48.3,128,MacDougal St & Prince St,40.72710258,-74.00297088,3260,Mercer St & Bleecker St,40.72706363,-73.99662137,26401,Subscriber,1983,1
1055,12/28/2017 10:22,12/28/2017 10:39,3459,E 53 St & 3 Ave,40.75763228,-73.96930575,379,W 31 St & 7 Ave,40.749156,-73.9916,27214,Subscriber,1991,2
304,6/6/2014 13:45,6/6/2014 13:50,280,E 10 St & 5 Ave,40.73331967,-73.99510132,223,W 13 St & 7 Ave,40.73781509,-73.99994661,19043,Subscriber,1975,1
311,7/7/2017 14:55,7/7/2017 15:00,241,DeKalb Ave & S Portland Ave,40.68981035,-73.97493121,244,Willoughby Ave & Hall St,40.69196035,-73.96536851,16014,Subscriber,1989,1
1625,9/20/2014 16:43,9/20/2014 17:10,259,South St & Whitehall St,40.70122128,-74.01234218,393,E 5 St & Avenue C,40.72299208,-73.97995466,18569,Subscriber,1972,2
233,9/20/2016 8:35,9/20/2016 8:39,369,Washington Pl & 6 Ave,40.73224119,-74.00026394,348,W Broadway & Spring St,40.72490985,-74.00154702,17652,Subscriber,1989,1
378,05:14.6,11:33.3,3541,Amsterdam Ave & W 125 St,40.813358,-73.956461,3507,Park Ave & E 124 St,40.8045555,-73.9396861,28069,Subscriber,1983,1
320,6/6/2016 23:27,6/6/2016 23:32,3078,Broadway & Roebling St,40.70925562,-73.95982218,282,Kent Ave & S 11 St,40.70764494,-73.96841526,21649,Subscriber,1994,2
238,5/18/2016 10:14,5/18/2016 10:18,462,W 22 St & 10 Ave,40.74691959,-74.00451887,446,W 24 St & 7 Ave,40.74487634,-73.99529885,16173,Subscriber,1979,1
5983,2/21/2016 12:31,2/21/2016 14:10,297,E 15 St & 3 Ave,40.734232,-73.986923,497,E 17 St & Broadway,40.73704984,-73.99009296,24141,Customer,,0
502,4/3/2014 14:05,4/3/2014 14:13,496,E 16 St & 5 Ave,40.73726186,-73.99238967,247,Perry St & Bleecker St,40.73535398,-74.00483091,20135,Subscriber,1981,1
913,33:36.4,48:50.0,3676,Van Brunt St & Van Dyke St,40.67583294,-74.01472628,3440,Fulton St & Adams St,40.69241829,-73.98949474,32839,Subscriber,1969,2
496,12/9/2014 16:35,12/9/2014 16:43,147,Greenwich St & Warren St,40.71542197,-74.01121978,316,Fulton St & William St,40.70955958,-74.00653609,14886,Subscriber,1971,1
2156,10/4/2014 19:02,10/4/2014 19:38,382,University Pl & E 14 St,40.73492695,-73.99200509,499,Broadway & W 60 St,40.76915505,-73.98191841,21369,Subscriber,1980,2
162,6/6/2017 18:37,6/6/2017 18:39,3155,Lexington Ave & E 63 St,40.76440023,-73.96648977,3136,5 Ave & E 63 St,40.766368,-73.971518,17741,Subscriber,1991,1
739,47:38.2,59:58.2,335,Washington Pl & Broadway,40.72903917,-73.99404649,340,Madison St & Clinton St,40.71269042,-73.98776323,17181,Subscriber,1989,1
3413,8/14/2016 8:50,8/14/2016 9:47,309,Murray St & West St,40.7149787,-74.013012,545,E 23 St & 1 Ave,40.736502,-73.97809472,23821,Customer,,0
638,45:43.6,56:21.7,426,West St & Chambers St,40.71754834,-74.01322069,3660,W 16 St & 8 Ave,40.74102151,-74.00138497,26690,Subscriber,1988,1
1020,7/10/2016 23:51,7/11/2016 0:08,497,E 17 St & Broadway,40.73704984,-73.99009296,349,Rivington St & Ridge St,40.71850211,-73.98329859,18180,Subscriber,1977,1
690,2/7/2017 17:31,2/7/2017 17:42,492,W 33 St & 7 Ave,40.75019995,-73.99093085,3223,E 55 St & 3 Ave,40.75899656,-73.96865398,25757,Subscriber,1969,1
716,11/15/2016 18:33,11/15/2016 18:44,379,W 31 St & 7 Ave,40.749156,-73.9916,3263,Cooper Square & E 7 St,40.7292365,-73.99086803,26471,Subscriber,1972,1
277,4/24/2017 16:57,4/24/2017 17:01,3367,5 Ave & E 103 St,40.7922553,-73.95249933,3374,Central Park North & Adam Clayton Powell Blvd,40.799484,-73.955613,25207,Subscriber,1963,1
591,7/23/2016 20:36,7/23/2016 20:46,3166,Riverside Dr & W 72 St,40.78057799,-73.98562431,457,Broadway & W 58 St,40.76695317,-73.98169333,24850,Subscriber,1985,1
1830,3/13/2016 13:16,3/13/2016 13:47,528,2 Ave & E 31 St,40.74290902,-73.97706058,460,S 4 St & Wythe Ave,40.71285887,-73.96590294,14762,Subscriber,1990,1
406,11/7/2016 21:06,11/7/2016 21:13,423,W 54 St & 9 Ave,40.76584941,-73.98690506,281,Grand Army Plaza & Central Park S,40.7643971,-73.97371465,19719,Subscriber,1978,1
1235,05:16.4,25:52.1,3687,E 33 St & 1 Ave,40.74322681,-73.97449784,3156,E 72 St & York Ave,40.76663814,-73.95348296,29796,Subscriber,1985,2
322,7/21/2015 14:32,7/21/2015 14:37,491,E 24 St & Park Ave S,40.74096374,-73.98602213,285,Broadway & E 14 St,40.73454567,-73.99074142,21502,Subscriber,1948,1
310,9/3/2017 20:15,9/3/2017 20:20,433,E 13 St & Avenue A,40.72955361,-73.98057249,483,E 12 St & 3 Ave,40.73223272,-73.98889957,27879,Subscriber,1970,1
426,7/6/2017 10:47,7/6/2017 10:54,453,W 22 St & 8 Ave,40.74475148,-73.99915362,380,W 4 St & 7 Ave S,40.73401143,-74.00293877,28962,Subscriber,1985,2
2345,20:59.7,00:04.8,441,E 52 St & 2 Ave,40.756014,-73.967416,3258,W 27 St & 10 Ave,40.75018156,-74.00218427,32314,Customer,1969,0
793,2/10/2016 17:37,2/10/2016 17:51,491,E 24 St & Park Ave S,40.74096374,-73.98602213,350,Clinton St & Grand St,40.71559509,-73.9870295,14714,Subscriber,1971,1
332,12/4/2014 15:59,12/4/2014 16:05,435,W 21 St & 6 Ave,40.74173969,-73.99415556,462,W 22 St & 10 Ave,40.74691959,-74.00451887,14567,Subscriber,1983,1
267,5/13/2016 8:00,5/13/2016 8:05,340,Madison St & Clinton St,40.71269042,-73.98776323,295,Pike St & E Broadway,40.71406667,-73.99293911,16824,Subscriber,1979,2
1935,9/21/2017 13:30,9/21/2017 14:02,3226,W 82 St & Central Park West,40.78275,-73.97137,3137,5 Ave & E 73 St,40.77282817,-73.96685276,26463,Customer,,0
662,5/18/2016 4:57,5/18/2016 5:08,253,W 13 St & 5 Ave,40.73543934,-73.99453948,459,W 20 St & 11 Ave,40.746745,-74.007756,18063,Subscriber,1971,1
763,11/6/2014 23:19,11/6/2014 23:31,546,E 30 St & Park Ave S,40.74444921,-73.98303529,236,St Marks Pl & 2 Ave,40.7284186,-73.98713956,16886,Subscriber,1991,2
483,35:48.5,43:52.4,3467,W Broadway & Spring Street,40.72494672,-74.00165856,293,Lafayette St & E 8 St,40.73020661,-73.99102628,21077,Subscriber,1986,2
717,11/24/2014 18:03,11/24/2014 18:15,519,Pershing Square North,40.751873,-73.977706,483,E 12 St & 3 Ave,40.73223272,-73.98889957,17944,Subscriber,1983,1
452,10/13/2016 17:51,10/13/2016 17:59,284,Greenwich Ave & 8 Ave,40.73901691,-74.00263761,334,W 20 St & 7 Ave,40.74238787,-73.99726235,18150,Subscriber,1979,1
445,4/28/2017 10:23,4/28/2017 10:30,511,E 14 St & Avenue B,40.72938685,-73.97772429,507,E 25 St & 2 Ave,40.73912601,-73.97973776,24841,Subscriber,1997,2
1753,5/18/2017 19:06,5/18/2017 19:35,480,W 53 St & 10 Ave,40.76669671,-73.99061728,3002,South End Ave & Liberty St,40.711512,-74.015756,27411,Subscriber,1984,1
236,32:58.0,36:54.4,438,St Marks Pl & 1 Ave,40.72779126,-73.98564945,483,E 12 St & 3 Ave,40.73223272,-73.98889957,32107,Subscriber,1980,1
